name,lowest price in cents,owned status,shipping cost in cents,free return status,items sold
SkinOutfit Women's Motorcycle Café Racer Biker Genuine Leather Jacket Burgundy,11920,Brand New,0,False,
name,lowest price in cents,owned status,shipping cost in cents,free return status,items sold
"Winlit - Leather Jacket - Size M Women's - Black, Collared, 2 button, vintage",2346,Pre-Owned,1200,True,
name,lowest price in cents,owned status,shipping cost in cents,free return status,items sold
Women's Kim Kardashian Double Breasted Slim Fit Black Real Leather Jacket Blazer,2376,Brand New,1999,False,8
name,lowest price in cents,owned status,shipping cost in cents,free return status,items sold
Women's Genuine Lambskin Leather Jacket Motorcycle Real Slim fit Biker Jacket,2500,Brand New,799,False,21
name,lowest price in cents,owned status,shipping cost in cents,free return status,items sold
Women's Jacket Genuine Lambskin Leather Slim fit Biker Designer Jacket- ,9999,Brand New,0,False,
name,lowest price in cents,owned status,shipping cost in cents,free return status,items sold
motorcycle jacket women leather,1000,Pre-Owned,2500,False,
name,lowest price in cents,owned status,shipping cost in cents,free return status,items sold
Denim & Co Purpke Leather Zip Up Jacket With Collar & Pockets  Women's Size XL ,2599,Pre-Owned,1575,False,
name,lowest price in cents,owned status,shipping cost in cents,free return status,items sold
New Look Faux Leather Jacket Women's Size 1X Black Long Sleeves Full Zip Lined,1495,Pre-Owned,875,False,
name,lowest price in cents,owned status,shipping cost in cents,free return status,items sold
Taifun Women Leather Biker Jacket Black Zipped Front Collar Size US 12 (M),2499,Pre-Owned,745,False,
name,lowest price in cents,owned status,shipping cost in cents,free return status,items sold
Vigoss Black Faux Vegan Leather Floral Embroidered Motorcycle Moto Jacket Size L,3899,Pre-Owned,1095,False,
name,lowest price in cents,owned status,shipping cost in cents,free return status,items sold
Bagatelle Women's Faux Brown Leather Jacket Coat Size XL,1999,Brand New,800,False,
name,lowest price in cents,owned status,shipping cost in cents,free return status,items sold
Sergio Beninni Women’s Red Soft Leather Jacket Sz XL Milan Italy Lined Moto,3500,Pre-Owned,1710,False,
name,lowest price in cents,owned status,shipping cost in cents,free return status,items sold
Gruppo Marlys Gold Metallic Leather Zip Front Jacket Womens SZ 12 Made In Italy,1595,Pre-Owned,800,True,
name,lowest price in cents,owned status,shipping cost in cents,free return status,items sold
Women PU Leather Jacket Motorcycle Slim Fashion Coat Cute Shar Pei Poppy Dog,1999,Brand New,,False,
name,lowest price in cents,owned status,shipping cost in cents,free return status,items sold
Women's Black Genuine Lambskin Leather Cropped Slim Fit Motorcycle Biker Jacket,2474,Brand New,1999,False,
name,lowest price in cents,owned status,shipping cost in cents,free return status,items sold
Calzaiuoli Italy Women's Leather Jacket Soft Pleated Beige Size 48 (Large),5999,Pre-Owned,999,True,
name,lowest price in cents,owned status,shipping cost in cents,free return status,items sold
Nygard Women's Black Leather & Dyed Rabbit Fur Jacket - Size XL (18/20),999,Pre-Owned,1499,True,
name,lowest price in cents,owned status,shipping cost in cents,free return status,items sold
Wilsons Leather Jacket Women’s Large Black Maxima Casual Button Up Slim Fit Coat,3197,Pre-Owned,999,True,
name,lowest price in cents,owned status,shipping cost in cents,free return status,items sold
Wilsons Leather Trench Coat Women’s XS Black Casual Button Up Jacket,2997,Pre-Owned,999,True,
name,lowest price in cents,owned status,shipping cost in cents,free return status,items sold
Harley Davidson Women's Black Leather Motorcycle Jacket - Size L,3400,Pre-Owned,999,False,
name,lowest price in cents,owned status,shipping cost in cents,free return status,items sold
Vintage Womens Harley Davidson Black Leather Riding Biker Jacket Sz L,5000,Pre-Owned,1495,False,
name,lowest price in cents,owned status,shipping cost in cents,free return status,items sold
Women's New Look Faux Leather Jacket- Size Large,1499,Pre-Owned,1099,False,
name,lowest price in cents,owned status,shipping cost in cents,free return status,items sold
Vintage Women's Black Leather Coat Jacket Hippy Mod 60s M BoHo Retro Belted,6500,Pre-Owned,800,False,
name,lowest price in cents,owned status,shipping cost in cents,free return status,items sold
Express Faux Leather Studded Jacket Women’s M Flat Front Pockets Collared White,2250,Pre-Owned,759,True,
name,lowest price in cents,owned status,shipping cost in cents,free return status,items sold
Women's Size 16 Black Leather Jacket by Mix It **VERY NICE**,1399,Pre-Owned,1299,False,
name,lowest price in cents,owned status,shipping cost in cents,free return status,items sold
S9305 VTG Oakridge Women's Western Aztec Suede Leather Jacket Size 10,2599,Pre-Owned,1365,False,
name,lowest price in cents,owned status,shipping cost in cents,free return status,items sold
Vintage Fringe Black Leather Jacket Women’s Size Large,2500,Pre-Owned,990,False,
name,lowest price in cents,owned status,shipping cost in cents,free return status,items sold
Womens Zipper Long Sleeve Slim Casual Solid Coat Windproof Leather Suit Jacket,1495,Brand New,199,False,
name,lowest price in cents,owned status,shipping cost in cents,free return status,items sold
LL Bean Jacket Women Small Petite Bomber Canvas Work Pocket Leather Collar Lined,1999,Pre-Owned,965,True,
name,lowest price in cents,owned status,shipping cost in cents,free return status,items sold
JLC Women's Brown Leather Button Up Jacket Coat - Size Large,2499,Pre-Owned,1399,True,
name,lowest price in cents,owned status,shipping cost in cents,free return status,items sold
JouJou Women's  Cream Colored Faux  Zip-Front Leather  Jacket Size Medium,2000,Pre-Owned,1060,True,
name,lowest price in cents,owned status,shipping cost in cents,free return status,items sold
Women PU Leather Long Sleeve Blazer Suit Ladies Formal Work Jacket Coat Outwear,1599,New (Other),0,False,
name,lowest price in cents,owned status,shipping cost in cents,free return status,items sold
Jones New York Women's Black Leather Barbour Collar Jacket - Size M,999,Pre-Owned,1499,True,
name,lowest price in cents,owned status,shipping cost in cents,free return status,items sold
Womens Jacket Brown Faux Leather Full Zip Jacket,470,Pre-Owned,998,False,
name,lowest price in cents,owned status,shipping cost in cents,free return status,items sold
Siena Studio Moto Jacket Size M Women's • Lime Green Genuine Leather Zip Bright,4999,Pre-Owned,850,True,
name,lowest price in cents,owned status,shipping cost in cents,free return status,items sold
Ralph Lauren Chaps Calf Skin Brown Leather Moto Style Sz 12/14 Jacket Ret $800,6500,Pre-Owned,1583,False,
name,lowest price in cents,owned status,shipping cost in cents,free return status,items sold
MICHAEL KORS Women's 'CORE OF KORS’ Black LEATHER MOTO JACKET Sz MED NWT $250,11949,Brand New,0,False,
name,lowest price in cents,owned status,shipping cost in cents,free return status,items sold
"NWT Made by Johnny Women's Brown 'Coffee"" Faux Leather Jacket - Size Large",999,Brand New,1499,True,
name,lowest price in cents,owned status,shipping cost in cents,free return status,items sold
Women’s Harley Davidson Leather Jacket SM,10000,Pre-Owned,1500,False,
name,lowest price in cents,owned status,shipping cost in cents,free return status,items sold
Women PU Leather Long Sleeve Jacket Coat Casual Slim Long Overcoat Windbreaker,1784,Brand New,0,False,
name,lowest price in cents,owned status,shipping cost in cents,free return status,items sold
Outdoor Exchange Leather Jacket Women’s Size 2X Black Mid Length Trench w/ Belt,3000,Pre-Owned,1357,False,
name,lowest price in cents,owned status,shipping cost in cents,free return status,items sold
NWT Womens Gucci Suede Leather Perforated Light Brown Tan Bomber Jacket Size 42,95000,Brand New,2220,False,
name,lowest price in cents,owned status,shipping cost in cents,free return status,items sold
Vintage Fringe Suede Leather Jacket Women's Size L Camel Tan,5800,Pre-Owned,2220,False,
name,lowest price in cents,owned status,shipping cost in cents,free return status,items sold
Alexander McQueen Women's Couture Stitch Leather Jacket in Black Size 42 ,375000,New (Other),2220,False,
name,lowest price in cents,owned status,shipping cost in cents,free return status,items sold
Womens Red Leather Jacket Leonardos-Canada Size 6,1399,Pre-Owned,1710,False,
name,lowest price in cents,owned status,shipping cost in cents,free return status,items sold
NEWPORT NEWS Women's leather blazer/ jacket Drab green Vintage size 14 NWT.,999,Brand New,1400,False,
name,lowest price in cents,owned status,shipping cost in cents,free return status,items sold
Vintage Suede Leather Womens Jacket Size S/M Amazing!,6500,Pre-Owned,1395,False,
name,lowest price in cents,owned status,shipping cost in cents,free return status,items sold
Wilsons Black Suede & Leather Jacket - Size Women's Large,799,Pre-Owned,999,True,
name,lowest price in cents,owned status,shipping cost in cents,free return status,items sold
Wilsons Leather Red Leather Jacket - Size Womens XL,799,Pre-Owned,999,True,
name,lowest price in cents,owned status,shipping cost in cents,free return status,items sold
Women’s vintage wilson leather jacket.,5500,Pre-Owned,1890,False,
name,lowest price in cents,owned status,shipping cost in cents,free return status,items sold
Womens Chicos Brown Leather Jacket Size 3 ,1800,Pre-Owned,2110,False,
name,lowest price in cents,owned status,shipping cost in cents,free return status,items sold
"Vintage Lauren Alexandra Women's Leather Black Blazer Jacket Coat Sz M, Made USA",2797,Pre-Owned,899,True,
name,lowest price in cents,owned status,shipping cost in cents,free return status,items sold
Silver Faux Leather Biker Jacket Sz Women’s Large (fits like medium),500,Pre-Owned,849,False,
name,lowest price in cents,owned status,shipping cost in cents,free return status,items sold
Bradley Bayou Womens Jacket Sz XXS Gray Genuine Leather EUC,5000,Pre-Owned,1500,False,
name,lowest price in cents,owned status,shipping cost in cents,free return status,items sold
Harley Davidson Motorcycles Women's Black Leather Jacket - Size L,2999,Pre-Owned,999,False,
name,lowest price in cents,owned status,shipping cost in cents,free return status,items sold
Mango Women's Black Leather Moto Jacket - Size S,2999,Brand New,999,False,
name,lowest price in cents,owned status,shipping cost in cents,free return status,items sold
Alfani Leather Moto Jacket - Small,2400,Pre-Owned,955,False,
name,lowest price in cents,owned status,shipping cost in cents,free return status,items sold
Levi's Faux Leather Moto Jacket Women's Size M $148,3800,Brand New,1575,False,
name,lowest price in cents,owned status,shipping cost in cents,free return status,items sold
Women's East 5th Genuine Leather Jacket Brown (Size 3X),3000,Pre-Owned,800,True,
name,lowest price in cents,owned status,shipping cost in cents,free return status,items sold
Free People Women’s Small? Black Faux Leather Moto Jacket Biker Rocker,4900,Pre-Owned,1562,True,
name,lowest price in cents,owned status,shipping cost in cents,free return status,items sold
sz 6 NWT VERONICA BEARD Dickey Jacket GAYA Leather RUST Brown Women SALE,120000,Brand New,2875,False,
name,lowest price in cents,owned status,shipping cost in cents,free return status,items sold
Jacqueline Ferrari Womens Leather Jacket Coat Size XL Black Genuine Leather,1280,Pre-Owned,1890,False,
name,lowest price in cents,owned status,shipping cost in cents,free return status,items sold
BAGATELLE COLLECTION Womens Gray Burned Leather Moto Jacket Size Medium,3000,Pre-Owned,965,False,
name,lowest price in cents,owned status,shipping cost in cents,free return status,items sold
Express Women’s Black Leather Jacket Size Medium A+ Condition Fast Shipping,3395,Pre-Owned,1095,False,
name,lowest price in cents,owned status,shipping cost in cents,free return status,items sold
Roaman Blue Leather Jacket Coat - Size 24W Women's NWT? -see description ,3495,Pre-Owned,,False,
name,lowest price in cents,owned status,shipping cost in cents,free return status,items sold
Mauritius Lamb Skin Leather Moto Jacket.  Size: Small   Color: Cream,2999,Pre-Owned,1575,False,
name,lowest price in cents,owned status,shipping cost in cents,free return status,items sold
Halogen lambskin leather jacket M,2700,Pre-Owned,900,False,
name,lowest price in cents,owned status,shipping cost in cents,free return status,items sold
Yves Saint Laurent Leather Jacket,26000,New (Other),0,False,
name,lowest price in cents,owned status,shipping cost in cents,free return status,items sold
"Bagatelle Women's Drape Open Front Faux Leather Moto Jacket, Taupe, Size XL",2900,Pre-Owned,0,False,
name,lowest price in cents,owned status,shipping cost in cents,free return status,items sold
Real Suede Leather Cape Boho Poncho Wrap Stole Coat Jacket Shawl Fringe no fur,19999,Pre-Owned,1499,False,
name,lowest price in cents,owned status,shipping cost in cents,free return status,items sold
michael kors jacket women Leather,4200,Pre-Owned,1710,False,
name,lowest price in cents,owned status,shipping cost in cents,free return status,items sold
Vintage 1980's Designers Studio Sweater Women's LARGE Suede Leather Blue Jacket,3250,Pre-Owned,,False,
name,lowest price in cents,owned status,shipping cost in cents,free return status,items sold
Women Faux Fur Winter Warm Coat Overcoat Ladies PU Leather Biker Jacket Outer US,3189,New (Other),0,False,
name,lowest price in cents,owned status,shipping cost in cents,free return status,items sold
Tudor Court Women's Gray Leather Button Up Jacket Coat - Size XL,2499,Pre-Owned,1399,True,
name,lowest price in cents,owned status,shipping cost in cents,free return status,items sold
Gap Women's Brown Leather Full Zip Pockets Jacket Coat - Size Small,1999,Pre-Owned,1399,True,
name,lowest price in cents,owned status,shipping cost in cents,free return status,items sold
Gap Women's Brown Leather Full Zip Pockets Jacket Coat - Size Small,1999,Pre-Owned,1399,True,
name,lowest price in cents,owned status,shipping cost in cents,free return status,items sold
"Worthington - Genuine Leather Jacket - Size L, Women's - Lined, Zipper",1160,Pre-Owned,699,True,
name,lowest price in cents,owned status,shipping cost in cents,free return status,items sold
Women 90's Fashion Leather Jacket Vintage Leather Oversized Bomber Jacket Outfit,11997,Brand New,0,False,10
name,lowest price in cents,owned status,shipping cost in cents,free return status,items sold
Women PU Leather Long Sleeve Jacket Coat Casual Slim Long Overcoat Windbreaker,1994,Brand New,0,False,
name,lowest price in cents,owned status,shipping cost in cents,free return status,items sold
Vintage 1980's Designers Studio Sweater Women's LARGE Suede Leather Blue Jacket,3250,Pre-Owned,,False,
name,lowest price in cents,owned status,shipping cost in cents,free return status,items sold
Women Faux Fur Winter Warm Coat Overcoat Ladies PU Leather Biker Jacket Outer US,3189,New (Other),0,False,
name,lowest price in cents,owned status,shipping cost in cents,free return status,items sold
Eddie Bauer Women's Leather Jacket Brown Aviator Biker Quilted Elbow Size Medium,6500,Pre-Owned,1595,False,
name,lowest price in cents,owned status,shipping cost in cents,free return status,items sold
Max Studio Black Faux Leather Moto Jacket - Size Women's Large,999,Pre-Owned,999,True,
name,lowest price in cents,owned status,shipping cost in cents,free return status,items sold
leather jacket women,2022,Pre-Owned,1710,False,
name,lowest price in cents,owned status,shipping cost in cents,free return status,items sold
MAGGIE BARNES LEATHER JACKET Size 2X Coat,2000,Pre-Owned,1265,False,
name,lowest price in cents,owned status,shipping cost in cents,free return status,items sold
"Vintage 80 ies Women’s Wilson’s Black Leather Jacket, Size M gently used NICE!",1680,Pre-Owned,1890,False,
name,lowest price in cents,owned status,shipping cost in cents,free return status,items sold
vintage leather Multicolored jacket,3900,Pre-Owned,1640,False,
name,lowest price in cents,owned status,shipping cost in cents,free return status,items sold
Vintage Leather Jacket Coat Echo Mountain Leather Suede Lined Large L Brown,4495,Pre-Owned,1195,False,
name,lowest price in cents,owned status,shipping cost in cents,free return status,items sold
Women's Genuine Lambskin Leather Jacket Black Slim fit Biker Motorcycle Jacket,5999,Brand New,1999,False,
name,lowest price in cents,owned status,shipping cost in cents,free return status,items sold
Milwaukee Leather Women's Size Large Traditional Leather Riding Jacket Black,11290,Brand New,,False,
name,lowest price in cents,owned status,shipping cost in cents,free return status,items sold
Women PU Leather Long Sleeve Blazer Suit Ladies Formal Work Jacket Coat Outwear,1519,New (Other),0,False,
name,lowest price in cents,owned status,shipping cost in cents,free return status,items sold
Vintage Leather Jacket,6000,Pre-Owned,1000,False,
name,lowest price in cents,owned status,shipping cost in cents,free return status,items sold
S9307 VTG Custom Works Leather Women's Full Zip Biker Leather Jacket Size 8,3999,Pre-Owned,1365,False,
name,lowest price in cents,owned status,shipping cost in cents,free return status,items sold
S9312 VTG First Genuine Leather Women's Biker Moto Fringe Leather Jacket Size L,3999,Pre-Owned,1365,False,
name,lowest price in cents,owned status,shipping cost in cents,free return status,items sold
Neiman Marcus - Exclusive Quilted Leather Jacket Size 2X,1960,Pre-Owned,1100,False,
name,lowest price in cents,owned status,shipping cost in cents,free return status,items sold
Vintage Women's Patch Leather Coat Jacket Hippy Mod S BoHo Retro Belted BEBE,9999,Pre-Owned,800,False,
name,lowest price in cents,owned status,shipping cost in cents,free return status,items sold
April Cornell Womens Size Small Red Leather Blazer Jacket Floral Embroidered,4499,Pre-Owned,1000,False,
name,lowest price in cents,owned status,shipping cost in cents,free return status,items sold
HEIN GERICKE  LEATHER MOTORCYCLE JACKET WOMENS SIZE M ELASTIC WAIST.,6500,Pre-Owned,3225,False,
name,lowest price in cents,owned status,shipping cost in cents,free return status,items sold
Zara Jacket Women Red Zip Long Sleeve Motorcycle Biker Coat Faux Leather XS,2799,Pre-Owned,1575,False,
name,lowest price in cents,owned status,shipping cost in cents,free return status,items sold
Retro Varsity Jacket Men Women Letterman Bomber Red Body White Leather Inserts,7999,Brand New,0,False,
name,lowest price in cents,owned status,shipping cost in cents,free return status,items sold
Treasure & Bond Women's Black Leather Jacket Size Small Button Closure No Collar,2999,Pre-Owned,1061,True,
name,lowest price in cents,owned status,shipping cost in cents,free return status,items sold
Brunello Cucinelli Leather-silk Blend Jacket in Pastel Mint Size 38,195000,New (Other),1710,False,
name,lowest price in cents,owned status,shipping cost in cents,free return status,items sold
Xavier “The Finest Motorcycle Leather” Size Small Women’s Black Leather Jacket,7499,Brand New,2712,False,
name,lowest price in cents,owned status,shipping cost in cents,free return status,items sold
Women's Slim Fit Black Quilted Biker Leather Jacket | Women's Leather Jacket,8499,New (Other),1999,False,
name,lowest price in cents,owned status,shipping cost in cents,free return status,items sold
Leather Jacket For Women Trench Length Coat Real Lambskin Stylish Long Coat,17500,Brand New,0,False,
name,lowest price in cents,owned status,shipping cost in cents,free return status,items sold
Vintage Traction for Action Women Motorcycle Biker Black Leather Jacket Coat XL ,3596,Pre-Owned,1999,False,
name,lowest price in cents,owned status,shipping cost in cents,free return status,items sold
Pamela McCoy Women's Blue Leather Button Up Coat Jacket - Size 1X,2999,Pre-Owned,1399,True,
name,lowest price in cents,owned status,shipping cost in cents,free return status,items sold
Retro Varsity Jacket Men Women Letterman Maroon Body White Leather Inserts,7999,Brand New,0,False,
name,lowest price in cents,owned status,shipping cost in cents,free return status,items sold
Vintage 70S 80s Suede Leather Womens Fringe Jacket Size M Brown Hook Loop,3988,Pre-Owned,1640,True,
name,lowest price in cents,owned status,shipping cost in cents,free return status,items sold
Vintage Women's Leather Coat Jacket Hippy Mod S BoHo Retro Belted Newport News,4500,Pre-Owned,800,False,
name,lowest price in cents,owned status,shipping cost in cents,free return status,items sold
Michael Kors genuine leather moto ladies jacket szM dark brown,5500,Pre-Owned,999,False,
name,lowest price in cents,owned status,shipping cost in cents,free return status,items sold
Faux Leather Moto Jacket Women's plus Size 22/24 Eloquii,6000,Pre-Owned,1500,False,
name,lowest price in cents,owned status,shipping cost in cents,free return status,items sold
Michael Kors White Jean like Blazer Jacket Metallic Gold Leather Trim Size 8,2700,Pre-Owned,,True,
name,lowest price in cents,owned status,shipping cost in cents,free return status,items sold
"Samantha Sipos Raisin Ribbed Leather Biker Jacket, SZ 3XL, $1,250 , Pre-Owned",12999,Pre-Owned,1000,False,
name,lowest price in cents,owned status,shipping cost in cents,free return status,items sold
Women’s Vintage Plus Venezia  Genuine Black Leather  Zip Jacket Size 32,2500,Pre-Owned,1705,True,
name,lowest price in cents,owned status,shipping cost in cents,free return status,items sold
S9308 VTG Thinsulate 3M Women's Full Zip Biker Leather Jacket Size M,3999,Pre-Owned,1365,False,
name,lowest price in cents,owned status,shipping cost in cents,free return status,items sold
Paolo Santini sz L Genuine Leather Jacket Coat Brown Green Beads Lace,9475,Pre-Owned,1705,False,
name,lowest price in cents,owned status,shipping cost in cents,free return status,items sold
Women Faux Fleece Lined Faux Fur Biker Jacket Warm Faux Leather Casual Crop Coat,1399,New (Other),0,False,
name,lowest price in cents,owned status,shipping cost in cents,free return status,items sold
Women’s Rue21 black faux leather hooded moto jacket size large,500,New (Other),1060,False,
name,lowest price in cents,owned status,shipping cost in cents,free return status,items sold
Women PU Leather Long Sleeve Blazer Suit Ladies Formal Work Jacket Coat Outwear,1599,New (Other),0,False,
name,lowest price in cents,owned status,shipping cost in cents,free return status,items sold
Forever 21 Faux Leather Moto Jacket Size M Charcoal Gray Asymmetrical Zipper,1099,Pre-Owned,999,False,
name,lowest price in cents,owned status,shipping cost in cents,free return status,items sold
ENCORE GENUINE RUCHED LEATHER JACKET SIZE L,5500,Pre-Owned,996,False,
name,lowest price in cents,owned status,shipping cost in cents,free return status,items sold
Vintage Leather king Ladies Leather Jacket!,3900,Pre-Owned,1333,False,
name,lowest price in cents,owned status,shipping cost in cents,free return status,items sold
leather jacket women large medium length ,2640,New (Other),1470,False,
name,lowest price in cents,owned status,shipping cost in cents,free return status,items sold
Wilsons Leather Trench Coat Women’s Medium Black Casual Belted Button Up Jacket,3197,Pre-Owned,999,True,
name,lowest price in cents,owned status,shipping cost in cents,free return status,items sold
vintage fringe suade leather jacket womens,5900,Pre-Owned,1640,False,
name,lowest price in cents,owned status,shipping cost in cents,free return status,items sold
Retro Varsity Jacket Men Women Letterman Bomber Navy Body White Leather Inserts,7999,Brand New,0,False,
name,lowest price in cents,owned status,shipping cost in cents,free return status,items sold
D Mode Classix Quilted Cropped Suede Leather Jacket Vintage Size Medium,5000,Pre-Owned,1365,False,
name,lowest price in cents,owned status,shipping cost in cents,free return status,items sold
Vintage Eddie Bauer Genuine Leather Jacket Black Women’s Small/Petite Heavy ,100,Pre-Owned,2045,False,
name,lowest price in cents,owned status,shipping cost in cents,free return status,items sold
LUCKY BRAND Camel Brown 100% Lamb Leather Full Zip Soft Leather Jacket Size M,7000,Pre-Owned,,False,
name,lowest price in cents,owned status,shipping cost in cents,free return status,items sold
Women's Chico's Brown Leather Jacket Size 2,1499,Pre-Owned,1099,False,
name,lowest price in cents,owned status,shipping cost in cents,free return status,items sold
NWT Levi’s Quilted Faux Leather Puffer Winter Modern Coat Jacket Women Size: M,8700,Brand New,1275,False,
name,lowest price in cents,owned status,shipping cost in cents,free return status,items sold
"Whistles Leather Bubble Skin Borg Jacket, Black, XS, Women, NEW",23000,Brand New,1259,False,
name,lowest price in cents,owned status,shipping cost in cents,free return status,items sold
Combination Genuine Leather & Wool Acrylic Black Women's Jacket Coat Cardigan L,4299,Pre-Owned,1260,False,
name,lowest price in cents,owned status,shipping cost in cents,free return status,items sold
Levi Strauss Black Faux Leather Moto Jacket Womens Size XS,3499,Pre-Owned,999,True,
name,lowest price in cents,owned status,shipping cost in cents,free return status,items sold
Zapa Paris Women's Jacket Size S 100% Leather RRP: 1950 Eur,113,Brand New,2063,False,
name,lowest price in cents,owned status,shipping cost in cents,free return status,items sold
VTG Daniel Benjamin Leather + Suede Jacket Size XL Stunning RARE,999,Pre-Owned,1543,False,
name,lowest price in cents,owned status,shipping cost in cents,free return status,items sold
Colebrook Women's 100% Leather Full Zip Jacket Size X-Large Pink Waist Length,4899,Pre-Owned,1125,False,
name,lowest price in cents,owned status,shipping cost in cents,free return status,items sold
Rozae Nichols Brown Leather Jacket Medium,5000,Pre-Owned,0,False,
name,lowest price in cents,owned status,shipping cost in cents,free return status,items sold
womans leather jacket,100,Pre-Owned,1155,False,
name,lowest price in cents,owned status,shipping cost in cents,free return status,items sold
S9309 VTG Xelement Women's Full Zip Biker Leather Motorcycle Jacket Size 2XL,3999,Pre-Owned,1365,False,
name,lowest price in cents,owned status,shipping cost in cents,free return status,items sold
"NEW LOOK Women's Black Faux Leather Jacket, Zip UP, Fitted, Plus Size 1X",999,Pre-Owned,935,False,
name,lowest price in cents,owned status,shipping cost in cents,free return status,items sold
L NEW PETER NYGARD EMBELLISHED BLACK FAUX LEATHER JACKET,1699,Brand New,900,False,
name,lowest price in cents,owned status,shipping cost in cents,free return status,items sold
Jones New York Collection Red Leather Lined Jacket Size S,3899,Pre-Owned,1020,False,
name,lowest price in cents,owned status,shipping cost in cents,free return status,items sold
VAKKO a butter Soft Leather Coat Sweater Velour Ribbed Sleeves Size Small Brown￼,6595,Pre-Owned,1705,False,
name,lowest price in cents,owned status,shipping cost in cents,free return status,items sold
Harley Davidson Women's Riding Gear Black Leather Jacket Size Large,10000,New (Other),1500,False,
name,lowest price in cents,owned status,shipping cost in cents,free return status,items sold
Oakwood Classic Women's Large Brown Leather Motorcycle Bikers Jacket,2999,Pre-Owned,1438,False,
name,lowest price in cents,owned status,shipping cost in cents,free return status,items sold
Authentic Genuine Leather Jacket Moto/Biker Juniors Black Size Small,4999,Pre-Owned,1746,False,
name,lowest price in cents,owned status,shipping cost in cents,free return status,items sold
per se Women's Light Brown Leather Jacket Lined Zippered Pockets & Closure Sz 8,4699,Pre-Owned,1020,False,
name,lowest price in cents,owned status,shipping cost in cents,free return status,items sold
"Last Kiss - Faux Leather Jacket - Size 2X Women's - Black, lined, collared",1246,Pre-Owned,1200,True,
name,lowest price in cents,owned status,shipping cost in cents,free return status,items sold
Chicos Jacket Womens 1 Leather Western Long Sleeve Red/Brown Ladies,2499,Pre-Owned,899,True,
name,lowest price in cents,owned status,shipping cost in cents,free return status,items sold
Newport News Womens Jacket Green Leather Button 2 breast zip Pockets Lined 24,4000,Brand New,,True,
name,lowest price in cents,owned status,shipping cost in cents,free return status,items sold
Brown Leather Prada Jacket Women’s Size L ,15500,Pre-Owned,1365,False,
name,lowest price in cents,owned status,shipping cost in cents,free return status,items sold
St Johns Bay Women's Orange Leather Button Up Jacket Coat - Size Medium,4499,Pre-Owned,1399,True,
name,lowest price in cents,owned status,shipping cost in cents,free return status,items sold
Black genuine leather ladies jacket size 6,1500,Pre-Owned,940,False,
name,lowest price in cents,owned status,shipping cost in cents,free return status,items sold
Fringe leather jacket women’s medium,5500,Pre-Owned,1640,False,
name,lowest price in cents,owned status,shipping cost in cents,free return status,items sold
Red Leather Coat birdcage chicos Size 1/Medium Negril msrp $798 NWT,4000,Brand New,1346,False,
name,lowest price in cents,owned status,shipping cost in cents,free return status,items sold
Vintage Phoenix Outerwear Black Cotton Jacket Leather Trim Studs Size L Women’s,1800,Pre-Owned,1450,False,
name,lowest price in cents,owned status,shipping cost in cents,free return status,items sold
Black Leather Jacket XS Nordstrom,9500,Pre-Owned,820,False,
name,lowest price in cents,owned status,shipping cost in cents,free return status,items sold
Elements by Vakko Women’s Suede Leather Shearling Spanish Lamb Jacket Coat Sz S,4500,Pre-Owned,1705,False,
name,lowest price in cents,owned status,shipping cost in cents,free return status,items sold
"Nine West 32"" Long Jacket Women's Large Black Leather 3 Button Up",2999,Pre-Owned,2581,False,
name,lowest price in cents,owned status,shipping cost in cents,free return status,items sold
Women's Moor Beautiful Bomber Leather Jacket size S Color Indigo,1500,Pre-Owned,1265,False,
name,lowest price in cents,owned status,shipping cost in cents,free return status,items sold
Denim & Co Women's Jacket Leather Coat Brown Size 2XL Pea Coat ,4000,Pre-Owned,2505,False,
name,lowest price in cents,owned status,shipping cost in cents,free return status,items sold
DONA MICHI Genuine Leather Jacket Women's Black Mid Length Button Coat 2XL Plus,11995,Pre-Owned,1890,False,
name,lowest price in cents,owned status,shipping cost in cents,free return status,items sold
Women's Motorcycle Quilted Soft Genuine Lambskin Leather Slim fit Biker Jacket,6999,Brand New,1999,False,
name,lowest price in cents,owned status,shipping cost in cents,free return status,items sold
Ladies Leather Jacket  Pure Sheepskin Women Leather Jacket Bikers Style Size M&L,6877,Brand New,2406,False,
name,lowest price in cents,owned status,shipping cost in cents,free return status,items sold
GUESS Faux Leather Moto Jacket Black M,5500,Pre-Owned,900,False,
name,lowest price in cents,owned status,shipping cost in cents,free return status,items sold
Torrid  Moto Jacket - faux leather Jacket sz 00 motorcycle vegan plus size,4000,Pre-Owned,1710,False,
name,lowest price in cents,owned status,shipping cost in cents,free return status,items sold
EUC Women’s Vintage Black  Rock Creek Western Jacket Suede Fringed Size Medium,1999,Pre-Owned,1800,False,
name,lowest price in cents,owned status,shipping cost in cents,free return status,items sold
Ted Baker Nude Pink Leather Biker Jacket  Size 2 (10),1834,Pre-Owned,5091,False,
name,lowest price in cents,owned status,shipping cost in cents,free return status,items sold
KASPER Women Genuine Leather Black Moto Cropped Vintage Jacket S Petite Zip Up,2999,Pre-Owned,799,False,
name,lowest price in cents,owned status,shipping cost in cents,free return status,items sold
Sanzzini leather jacket women,4000,Pre-Owned,800,False,
name,lowest price in cents,owned status,shipping cost in cents,free return status,items sold
Vintage Leopard Print and Black  Suede Jacket 80's era Gold Accent,2500,Pre-Owned,2220,False,
name,lowest price in cents,owned status,shipping cost in cents,free return status,items sold
WOMEN'S RED LEATHER JACKET,4500,Pre-Owned,1900,False,
name,lowest price in cents,owned status,shipping cost in cents,free return status,items sold
BCBG MAXAZRIA 100% Leather Jacket Women's S Vintage Motorcycle Jacket Moto Used,6500,Pre-Owned,1599,False,
name,lowest price in cents,owned status,shipping cost in cents,free return status,items sold
"Women's Leather Jacket from Express; Size S, Tan/Beige",600,Pre-Owned,1438,False,
name,lowest price in cents,owned status,shipping cost in cents,free return status,items sold
womens hooded leather jacket medium size Brand VIP,3500,Pre-Owned,1085,False,
name,lowest price in cents,owned status,shipping cost in cents,free return status,items sold
Timing Women’s Faux Leather Black Jacket Size Small,3500,New (Other),850,False,
name,lowest price in cents,owned status,shipping cost in cents,free return status,items sold
"Tokyo Darling - Faux Leather Jacket - Size XL Women's - Black, full zip, lined",1346,Pre-Owned,1200,True,
name,lowest price in cents,owned status,shipping cost in cents,free return status,items sold
"Nanushka Vegan Leather Puffer Jacket, SZ S, $620 , Pre-Owned",14999,Pre-Owned,1000,False,
name,lowest price in cents,owned status,shipping cost in cents,free return status,items sold
Nine West Black Genuine Leather Button Down Collared Jacket Women’s Size Small,5050,Pre-Owned,1470,False,
name,lowest price in cents,owned status,shipping cost in cents,free return status,items sold
Women's  Red Leather Jacket Size Small Wilsons,2000,Pre-Owned,2425,False,
name,lowest price in cents,owned status,shipping cost in cents,free return status,items sold
New Womens Ladies Express Leather Jacket Coat Size 4 Small Black,99,New (Other),895,False,
name,lowest price in cents,owned status,shipping cost in cents,free return status,items sold
BROWN LEATHER JACKET/BLAZER - TERRITORY AHEAD,5000,Pre-Owned,2000,False,
name,lowest price in cents,owned status,shipping cost in cents,free return status,items sold
L'AMOUR Women’s 11/12  Leather Jacket Vintage Burgundy Red Belted ,5790,Pre-Owned,1575,False,
name,lowest price in cents,owned status,shipping cost in cents,free return status,items sold
Ladies Women Casual Biker Jacket Slim Blazer Faux Leather Long Sleeve Coat Tops,2317,Brand New,0,True,
name,lowest price in cents,owned status,shipping cost in cents,free return status,items sold
Vintage Women’s FMC Leather Jacket Size XS,5999,Pre-Owned,1705,False,
name,lowest price in cents,owned status,shipping cost in cents,free return status,items sold
JouJou Brown Distressed Brown Moto Biker Jacket Faux Leather Sz Medium,1999,Pre-Owned,830,False,
name,lowest price in cents,owned status,shipping cost in cents,free return status,items sold
Rue 21 Women’s Genuine Leather Jacket Sz Small Faux Fur,2450,Pre-Owned,1150,False,
name,lowest price in cents,owned status,shipping cost in cents,free return status,items sold
Women's Black Leather Jacket W/ Racing Style Collar Motorcycle Heavy Riding,6999,Brand New,0,False,
name,lowest price in cents,owned status,shipping cost in cents,free return status,items sold
WILSONS LEATHER Women's Vtg 80's Black Leather Side Snap Drop Sleeve Jacket Sz L,2440,Pre-Owned,1000,False,
name,lowest price in cents,owned status,shipping cost in cents,free return status,items sold
"LIZ CLAIBORNE Women's Black Soft Leather, Button-Front Jacket Size Medium in EUC",5000,Pre-Owned,895,False,
name,lowest price in cents,owned status,shipping cost in cents,free return status,items sold
Dana Buchman Leather Jacket,8000,Pre-Owned,999,False,
name,lowest price in cents,owned status,shipping cost in cents,free return status,items sold
Guess Brand Women's Medium Vintage Genuine Leather Acrylic Lined Jacket Coat,2000,Pre-Owned,2220,False,
name,lowest price in cents,owned status,shipping cost in cents,free return status,items sold
Plein Sud  Brown  Suede Motorcycle Leather Jacket Vintage Sz. 38/6,17250,Pre-Owned,2220,False,
name,lowest price in cents,owned status,shipping cost in cents,free return status,items sold
TRAVELSMITH Red / Burgundy GENUINE SUEDE LEATHER Medium Blazer Jacket Women Coat,1999,Pre-Owned,895,True,
name,lowest price in cents,owned status,shipping cost in cents,free return status,items sold
NWT womens BRADLEY BAYOU black soft LEATHER Zip-up Fashion JACKET size SMALL new,1995,Brand New,895,False,
name,lowest price in cents,owned status,shipping cost in cents,free return status,items sold
St Johns Bay Women’s Jacket Sz M Petite Suede Genuine Leather Red 4-Flap Pockets,995,Pre-Owned,899,False,
name,lowest price in cents,owned status,shipping cost in cents,free return status,items sold
Vtg 80s 90s Chia Colorblock Zip Leather Jacket White/Red Women's Sz M Thriller,7999,Pre-Owned,1199,False,
name,lowest price in cents,owned status,shipping cost in cents,free return status,items sold
Eileen Fisher Size L Black Leather  Women’s Jacket; Zippered Pockets & Sleeves,4999,Pre-Owned,3139,False,
name,lowest price in cents,owned status,shipping cost in cents,free return status,items sold
Maniere De Voir Women's Collared Faux Leather Cutout Midi Jacket Black Size 6,4999,Pre-Owned,0,False,
name,lowest price in cents,owned status,shipping cost in cents,free return status,items sold
Brandon Thomas Women's Size M Beige Leather Suede Jacket 5 Big Button Down,2500,Pre-Owned,1365,False,
name,lowest price in cents,owned status,shipping cost in cents,free return status,items sold
Vegan Faux Leather Floral Embroidered Motorcycle Jacket M/L,4500,New (Other),1275,False,
name,lowest price in cents,owned status,shipping cost in cents,free return status,items sold
Coach Tan Quilted Signature Jacket with Leather Trip Size Medium Med Coat,2995,Pre-Owned,917,False,
name,lowest price in cents,owned status,shipping cost in cents,free return status,items sold
Retro Varsity Jacket Unisex Letterman Bomber Purple Body White Leather Inserts,7999,Brand New,0,False,
name,lowest price in cents,owned status,shipping cost in cents,free return status,items sold
Wilsons Leather Women's Size S Tan Suede Leather Faux Fur Coat Jacket 6 8,3399,Pre-Owned,1740,False,
name,lowest price in cents,owned status,shipping cost in cents,free return status,items sold
WOMEN'S BLACK FAUX LEATHER JACKET BIKER BOMBER FULL ZIP PROLOGUE SIZE S-M,1299,Pre-Owned,975,False,
name,lowest price in cents,owned status,shipping cost in cents,free return status,items sold
Akira Moto Faux Leather Jacket Size Medium,1900,Pre-Owned,1365,False,
name,lowest price in cents,owned status,shipping cost in cents,free return status,items sold
NEW Direction Womens Faux Grey Leather Jacket Moto Biker Coat Sz Med Zip Front,2900,Pre-Owned,900,False,
name,lowest price in cents,owned status,shipping cost in cents,free return status,items sold
Blank NYC Womens Black Gray Wool Blend Faux Leather Sleeve Varsity Jacket Sz XS,1999,Pre-Owned,800,False,
name,lowest price in cents,owned status,shipping cost in cents,free return status,items sold
Wilsons Leather Jacket Size Xl Black Insulated Thinsulate Belted Waist Quilted,3999,Pre-Owned,1675,False,
name,lowest price in cents,owned status,shipping cost in cents,free return status,items sold
OPIFIX Women's Supple Dark Brown Leather Jacket Made In Italy Sz M,1899,Pre-Owned,1350,False,
name,lowest price in cents,owned status,shipping cost in cents,free return status,items sold
BLANK NYC  Suede Leather Moto Jacket Brown Women’s Size M-never worn,6999,New (Other),2220,False,
name,lowest price in cents,owned status,shipping cost in cents,free return status,items sold
Wilsons The Leather Experts jacket Pelle Studio size Small black leather ,3200,Pre-Owned,699,False,
name,lowest price in cents,owned status,shipping cost in cents,free return status,items sold
Zapa Paris Women's Jacket Size XL / 16 UK 100%  Lamb Leather RRP: 325 Eur,113,Brand New,2063,False,
name,lowest price in cents,owned status,shipping cost in cents,free return status,items sold
Leather Club Black Leather Riding Jacket- Xtra Large-Zippered,8800,Pre-Owned,1543,False,
name,lowest price in cents,owned status,shipping cost in cents,free return status,items sold
Coldwater Creek Women's Red Leather Jacket Size 1X,4000,Brand New,1470,False,
name,lowest price in cents,owned status,shipping cost in cents,free return status,items sold
Vintage Michael Hoban North Beach Women's Leather  Motorcycle Jacket 7/8 Black,8995,Pre-Owned,2800,False,
name,lowest price in cents,owned status,shipping cost in cents,free return status,items sold
"Bagatelle 100% Leather Women's Jacket, Snake Skin Print, 2XL, EUC",1680,Pre-Owned,1355,False,
name,lowest price in cents,owned status,shipping cost in cents,free return status,items sold
Liz Claiborne Leather Coat Plus Size 3X 3Season Car Coat Takeout Lining VGC,4500,Pre-Owned,2000,False,
name,lowest price in cents,owned status,shipping cost in cents,free return status,items sold
Anne Klein black leather jacket size small ,2499,Pre-Owned,1346,False,
name,lowest price in cents,owned status,shipping cost in cents,free return status,items sold
DNK CLASSIC Suede Leather Coat/Jacket  IVORY Faux Fur Lined Button Front Small,4495,Pre-Owned,0,False,
name,lowest price in cents,owned status,shipping cost in cents,free return status,items sold
Atelier By B Thomas Jacket Womens Large Teal Suede Leather Jacket,1500,Pre-Owned,862,False,
name,lowest price in cents,owned status,shipping cost in cents,free return status,items sold
Ladies 1970s Greenland Brown Leather Coat  Size 8. 1970s Vintage Jacket READ!,4499,Pre-Owned,990,False,
name,lowest price in cents,owned status,shipping cost in cents,free return status,items sold
Women Brown Western Style Suede Leather Jacket Long Fringes With Beads,7999,Brand New,1099,False,
name,lowest price in cents,owned status,shipping cost in cents,free return status,items sold
Women's Black Leather Jacket W/ White & Gray Stripe Motorcycle Heavy Riding,9499,Brand New,0,False,
name,lowest price in cents,owned status,shipping cost in cents,free return status,items sold
Women's ~BeBe~ White Faux Leather Full Zip Long Sleeve Jacket Size Small ~NWOT~,3899,Pre-Owned,895,False,
name,lowest price in cents,owned status,shipping cost in cents,free return status,items sold
Hugo Buscati Womens 6 Gray Leather Trim Lined Duster Jacket Coat Knee Length EUC,3497,Pre-Owned,950,False,
name,lowest price in cents,owned status,shipping cost in cents,free return status,items sold
Women's Genuine Lambskin Black Peplum Waist Designer Biker Real Leather Jacket,5999,Brand New,0,False,
name,lowest price in cents,owned status,shipping cost in cents,free return status,items sold
Harley Davidson Womens Lined Black Leather Biker Jacket Breathable Size XL,7499,Pre-Owned,837,True,
name,lowest price in cents,owned status,shipping cost in cents,free return status,items sold
J. Percy Marvin Richards Floral Print  & Fur Jacket Size Large Great Condition,4500,Pre-Owned,1300,False,
name,lowest price in cents,owned status,shipping cost in cents,free return status,items sold
Women's Black Leather Moto Racing Jacket Size XL Naked Goat Skin Stripes *Flaw,8997,Pre-Owned,1438,True,
name,lowest price in cents,owned status,shipping cost in cents,free return status,items sold
"wilsons leather jacket women's, very red",2490,Pre-Owned,950,False,
name,lowest price in cents,owned status,shipping cost in cents,free return status,items sold
ALL SAINTS Leather Jacket Womens 0 UK 4 Brown Moto Biker Full Zip,8949,Pre-Owned,999,True,
name,lowest price in cents,owned status,shipping cost in cents,free return status,items sold
G.I.L.I. Women NWOT Black Pebbled Leather Asymmetric Zip Drape Moto Jacket SZ L,4999,New (Other),1640,False,
name,lowest price in cents,owned status,shipping cost in cents,free return status,items sold
St Johns Bay Tan Suede Leather Sherpa Rancher Jacket Womens Size Small RN 93677,3999,Pre-Owned,1200,False,
name,lowest price in cents,owned status,shipping cost in cents,free return status,items sold
Denim & Coat Co Women's Large black faux leather Jacket Coat embroidered roses,2500,New (Other),1000,False,
name,lowest price in cents,owned status,shipping cost in cents,free return status,items sold
MICHAEL KORS SIZE 12 WOOL FAUX LEATHER SLEEVE ZIPPERED JACKET NICE WINE BURGUNDY,1500,New (Other),890,False,
name,lowest price in cents,owned status,shipping cost in cents,free return status,items sold
Women Biker Motorcycle Vintage Distressed Brown Real Leather Jacket,3438,Brand New,2291,False,13
name,lowest price in cents,owned status,shipping cost in cents,free return status,items sold
"AllSaints Blue Gidley Leather Jacket, SZ 0, $550 , Pre-Owned",9999,Pre-Owned,1000,False,
name,lowest price in cents,owned status,shipping cost in cents,free return status,items sold
Suedessence Women's Pink Leather Button Up Jacket Coat - Size Small,2499,Pre-Owned,1399,True,
name,lowest price in cents,owned status,shipping cost in cents,free return status,items sold
Pelle Studio Wilsons Womens Cropped Jacket Beige Zip Leather Knit Sleeves XS,3499,Pre-Owned,800,False,
name,lowest price in cents,owned status,shipping cost in cents,free return status,items sold
Harley Davidson Leather Jacket Size Small 36,15000,Pre-Owned,1823,False,
name,lowest price in cents,owned status,shipping cost in cents,free return status,items sold
Varsity Letterman Retro Baseball Collared Jacket Wool Leather Unisex Kelly Green,7999,Brand New,0,False,
name,lowest price in cents,owned status,shipping cost in cents,free return status,items sold
CRIPPLE CREEK leather Jacket Size Med Embellished Cowgirl Black Blazer Western,9995,Pre-Owned,,False,
name,lowest price in cents,owned status,shipping cost in cents,free return status,items sold
GUESS JEAN Women Gray Soft Genuine Leather Distressed Moto Biker Jacket sz.L,3699,Pre-Owned,1365,False,
name,lowest price in cents,owned status,shipping cost in cents,free return status,items sold
Women's Universal Thread Goods Black Faux Leather Biker Jacket XXL,1999,Pre-Owned,900,False,
name,lowest price in cents,owned status,shipping cost in cents,free return status,items sold
Women's Iman Black Faux Leather Belted Jacket- Size Large,1499,Pre-Owned,1099,False,
name,lowest price in cents,owned status,shipping cost in cents,free return status,items sold
New York & Co faux leather jacket women,2780,Brand New,1275,False,
name,lowest price in cents,owned status,shipping cost in cents,free return status,items sold
Badgley Mischka Moto Jacket Quilted Leather Zip Biker in Black Womens Small,7499,Pre-Owned,1710,False,
name,lowest price in cents,owned status,shipping cost in cents,free return status,items sold
Philosophy Republic Womens Faux Leather Jacket Coat Medium Yellow,3500,Pre-Owned,599,False,
name,lowest price in cents,owned status,shipping cost in cents,free return status,items sold
apt 9 leather jacket size XL,900,Pre-Owned,1365,False,
name,lowest price in cents,owned status,shipping cost in cents,free return status,items sold
Alexander McQueen Women's Leather Biker Jacket in Black Size 46 New/Never Worn,390000,New (Other),2500,False,
name,lowest price in cents,owned status,shipping cost in cents,free return status,items sold
ZARA WOMAN REAL SHEEP LEATHER BIKER JACKET BLACK SIZE MEDIUM 5479/242/800,4500,Pre-Owned,999,True,
name,lowest price in cents,owned status,shipping cost in cents,free return status,items sold
Vintage CHIA Black Leather Jacket Size XS,5600,Pre-Owned,1275,False,
name,lowest price in cents,owned status,shipping cost in cents,free return status,items sold
Wilsons Leather Maxima Women's Beige Leather Button Up Jacket Coat - Size Medium,2499,Pre-Owned,1399,True,
name,lowest price in cents,owned status,shipping cost in cents,free return status,items sold
Bernardo Women's Red Leather Button Up Jacket Coat - Size Large,1999,Pre-Owned,1399,True,
name,lowest price in cents,owned status,shipping cost in cents,free return status,items sold
"Real Leather Women Puffer Jacket, Size: S, Color: Black",12999,Brand New,0,False,
name,lowest price in cents,owned status,shipping cost in cents,free return status,items sold
Carmin Studded Stretch Zip Up Jacket w/ Leather Trim White Plus 2X 3X - New!,3866,New (Other),,True,
name,lowest price in cents,owned status,shipping cost in cents,free return status,items sold
New Women's Ladies Biker Black Moto Genuine Real lambskin Leather Jacket/Coat,3499,Brand New,999,False,
name,lowest price in cents,owned status,shipping cost in cents,free return status,items sold
"Che-Bella women Suede Leather Jacket Size L Burnt Orange  Front Pockets, Button",2975,Pre-Owned,1095,False,
name,lowest price in cents,owned status,shipping cost in cents,free return status,items sold
"￼ Leather jacket, vintage, new with tags, excellent condition, M￼",4900,New (Other),1500,False,
name,lowest price in cents,owned status,shipping cost in cents,free return status,items sold
Eva Longoria Women’s Black & White Jacket~Faux Leather Trim~Size PM~GUC,799,Pre-Owned,825,False,
name,lowest price in cents,owned status,shipping cost in cents,free return status,items sold
Kaity Women's Red Leather Single Button Jacket Coat - Size Small,1999,Pre-Owned,1399,True,
name,lowest price in cents,owned status,shipping cost in cents,free return status,items sold
Christopher & Banks Jacket Womens Faux Leather Full Zip Long Sleeve Pockets NEW!,2140,Brand New,800,True,
name,lowest price in cents,owned status,shipping cost in cents,free return status,items sold
VINTAGE WILSONS LEATHER PELLE STUDIO Womens Black Leather Motorcycle Jacket sz S,2999,Pre-Owned,1195,False,
name,lowest price in cents,owned status,shipping cost in cents,free return status,items sold
Women's Black Leather Jacket / Coat by Kathy Ireland - LG,4500,Pre-Owned,2245,False,
name,lowest price in cents,owned status,shipping cost in cents,free return status,items sold
Leather  jacket,15000,Pre-Owned,0,False,
name,lowest price in cents,owned status,shipping cost in cents,free return status,items sold
Lysse 1x Faux Suede Vegan Leather Jacket Tan chai Long Sleeve Moto Top NWT,1500,Brand New,800,False,
name,lowest price in cents,owned status,shipping cost in cents,free return status,items sold
Michael Kors Womens Genuine 100% Leather Zip Moto Hoodie Jacket Coat Black Sz XL,6588,Pre-Owned,990,True,
name,lowest price in cents,owned status,shipping cost in cents,free return status,items sold
Torrid Faux Leather Black Moto Jacket Size 3 3X 22-24,9900,Pre-Owned,830,False,
name,lowest price in cents,owned status,shipping cost in cents,free return status,items sold
French Connection Olive Green Faux Leather Jacket sz L,9600,Brand New,2220,False,
name,lowest price in cents,owned status,shipping cost in cents,free return status,items sold
Vintage 80s Leather Jacket Women’s Small Black Full Leather,1800,Pre-Owned,1438,False,
name,lowest price in cents,owned status,shipping cost in cents,free return status,items sold
Vintage Outbrook Suede Leather Flannel Lined Jacket Women Size Extra large,2499,Pre-Owned,2505,False,
name,lowest price in cents,owned status,shipping cost in cents,free return status,items sold
Women's ALFANI Outwear Leather Full Zipp Jacket Black- Small,999,Pre-Owned,1099,False,
name,lowest price in cents,owned status,shipping cost in cents,free return status,items sold
Polo Ralph Lauren Women's Quilted Jacket Coat w/ Leather - 2 colors -,13999,Brand New,,True,
name,lowest price in cents,owned status,shipping cost in cents,free return status,items sold
East 5th Black Leather Jacket Lightweight Sz Small ,3499,Pre-Owned,1095,False,
name,lowest price in cents,owned status,shipping cost in cents,free return status,items sold
Varsity Letterman Retro Baseball Collared Jacket Wool Leather Unisex Hot Pink,7999,Brand New,0,False,
name,lowest price in cents,owned status,shipping cost in cents,free return status,items sold
Women's Vintage 90s Michael Hoban North Beach Long Leather Jacket Size S,12500,Pre-Owned,1850,False,
name,lowest price in cents,owned status,shipping cost in cents,free return status,items sold
Wilsons Maxima Black Leather Women XL Jacket,1999,Pre-Owned,900,False,
name,lowest price in cents,owned status,shipping cost in cents,free return status,items sold
Tagoo Faux Leather Jacket Women Bomber  Cropped  Moto Coat for Biker NEW  XL,2999,New (Other),1346,False,
name,lowest price in cents,owned status,shipping cost in cents,free return status,items sold
leather jacket women xl,6000,Brand New,1020,False,
name,lowest price in cents,owned status,shipping cost in cents,free return status,items sold
Adventure Bound Womens Small Jacket Leather Short Map Lining 2 Snaps Small Mar,2500,Pre-Owned,1425,True,
name,lowest price in cents,owned status,shipping cost in cents,free return status,items sold
Alfani  Jacket Women SIZE L  Faux Leather  AND SUEDE  Full Zip,1499,Pre-Owned,899,False,
name,lowest price in cents,owned status,shipping cost in cents,free return status,items sold
Vince Moto Vest Jacket Leather Black Solid Zip Women's XS Flawed,2797,Pre-Owned,1346,False,
name,lowest price in cents,owned status,shipping cost in cents,free return status,items sold
Nygard Collection Floral Quilted Leather and Knit Women Jacket M Rose Pink 1F,2200,Pre-Owned,850,False,
name,lowest price in cents,owned status,shipping cost in cents,free return status,items sold
"Alfani Black Soft Leather Women’s Blazer Jacket, size Small Petite ",3500,Pre-Owned,1275,False,
name,lowest price in cents,owned status,shipping cost in cents,free return status,items sold
Ladies/Women's Black Faux Leather Coat/Jacket Size UK 20,1604,Pre-Owned,2400,False,
name,lowest price in cents,owned status,shipping cost in cents,free return status,items sold
Worthington Vegan Leather XL Brown Biker Jacket,1936,New (Other),1275,False,
name,lowest price in cents,owned status,shipping cost in cents,free return status,items sold
Women's Leather Jacket Pre-owned - Purchased in Florence Italy small to medium,9900,Pre-Owned,1095,False,
name,lowest price in cents,owned status,shipping cost in cents,free return status,items sold
1990's Wrangler Outerwear Tailored Denim Jacket w/Leather Collar Women s XL,4000,Pre-Owned,1550,False,
name,lowest price in cents,owned status,shipping cost in cents,free return status,items sold
Croft and Barrow Red Lambskin Leather Jacket Lined Coat  Size: S,4799,Pre-Owned,1930,False,
name,lowest price in cents,owned status,shipping cost in cents,free return status,items sold
Allsaints Motorcycle Leather Jacket Coat Womens Size 6 Black ,4999,Pre-Owned,1499,False,
name,lowest price in cents,owned status,shipping cost in cents,free return status,items sold
"Luis Alvear Womens Black Leather Jacket, Size Large",5000,Pre-Owned,1500,False,
name,lowest price in cents,owned status,shipping cost in cents,free return status,items sold
RUBBISH Tan Leather Suede Jacket Size M,999,Pre-Owned,1710,False,
name,lowest price in cents,owned status,shipping cost in cents,free return status,items sold
Eileen Fisher Womens Black Leather Trim Long Sleeve Pockets Open Front Jacket M,1999,Pre-Owned,800,False,
name,lowest price in cents,owned status,shipping cost in cents,free return status,items sold
Kate & Mallory Faux Black Leather Flower Print Lined Moto Jacket Zip Front Sz S,2799,Pre-Owned,1020,False,
name,lowest price in cents,owned status,shipping cost in cents,free return status,items sold
NorthStyle Womens 2X Jacket Fringe Tassel Western Blue Suede Leather,5599,Pre-Owned,1499,False,
name,lowest price in cents,owned status,shipping cost in cents,free return status,items sold
Blade Runner 2049 Ana De Armas PVC Yellow Joi Jacket,7999,Brand New,1999,False,
name,lowest price in cents,owned status,shipping cost in cents,free return status,items sold
LAFFON moto leather jacket,15000,New (Other),1640,False,
